/players/player.01006.john-adams.html,"Adams, John"
/players/player.01007.sam-adams.html,"Adams, Sam"
/players/player.23783.felipe-aguilar.html,"Aguilar, Felipe"
/players/player.49303.anders-albertson.html,"Albertson, Anders"
/players/player.29745.tyler-aldridge.html,"Aldridge, Tyler"
/players/player.20771.steven-alker.html,"Alker, Steven"
/players/player.01014.fulton-allem.html,"Allem, Fulton"
/players/player.06197.michael-allen.html,"Allen, Michael"
/players/player.10885.robert-allenby.html,"Allenby, Robert"
/players/player.06004.stephen-ames.html,"Ames, Stephen"
/players/player.33948.byeong-hun-an.html,"An, Byeong Hun"
/players/player.45526.abraham-ancer.html,"Ancer, Abraham"
/players/player.20367.fredrik-andersson-hed.html,"Andersson Hed, Fredrik"
/players/player.01024.billy-andrade.html,"Andrade, Billy"
/players/player.01030.isao-aoki.html,"Aoki, Isao"
/players/player.30978.kiradech-aphibarnrat.html,"Aphibarnrat, Kiradech"
/players/player.20098.stuart-appleby.html,"Appleby, Stuart"
/players/player.19803.ryan-armour.html,"Armour, Ryan"
/players/player.01035.tommy-armour-iii.html,"Armour III, Tommy"
/players/player.01036.wally-armstrong.html,"Armstrong, Wally"
/players/player.21407.arjun-atwal.html,"Atwal, Arjun"
/players/player.07867.woody-austin.html,"Austin, Woody"
/players/player.23048.eric-axley.html,"Axley, Eric"
/players/player.01042.paul-azinger.html,"Azinger, Paul"
/players/player.22371.aaron-baddeley.html,"Baddeley, Aaron"
/players/player.28259.sangmoon-bae.html,"Bae, Sangmoon"
/players/player.20498.briny-baird.html,"Baird, Briny"
/players/player.01049.ian-baker-finch.html,"Baker-Finch, Ian"
/players/player.19824.craig-barlow.html,"Barlow, Craig"
/players/player.24846.ricky-barnes.html,"Barnes, Ricky"
/players/player.01060.dave-barr.html,"Barr, Dave"
/players/player.07223.brian-bateman.html,"Bateman, Brian"
/players/player.01068.andy-bean.html,"Bean, Andy"
/players/player.01072.chip-beck.html,"Beck, Chip"
/players/player.12652.cameron-beckman.html,"Beckman, Cameron"
/players/player.23614.rich-beem.html,"Beem, Rich"
/players/player.20029.notah-begay-iii.html,"Begay III, Notah"
/players/player.32334.charlie-beljan.html,"Beljan, Charlie"
/players/player.01076.deane-beman.html,"Beman, Deane"
/players/player.01078.jim-benepe.html,"Benepe, Jim"
/players/player.07003.david-berganio--jr-.html,"Berganio, Jr., David"
/players/player.40026.daniel-berger.html,"Berger, Daniel"
/players/player.10505.shane-bertsch.html,"Bertsch, Shane"
/players/player.01084.al-besselink.html,"Besselink, Al"
/players/player.20070.matt-bettencourt.html,"Bettencourt, Matt"
/players/player.28697.gaganjeet-bhullar.html,"Bhullar, Gaganjeet"
/players/player.33803.lucas-bjerregaard.html,"Bjerregaard, Lucas"
/players/player.34310.alexander-bjoerk.html,"Björk, Alexander"
/players/player.10944.thomas-bjorn.html,"Bjørn, Thomas"
/players/player.01093.ronnie-black.html,"Black, Ronnie"
/players/player.01095.woody-blackburn.html,"Blackburn, Woody"
/players/player.01096.phil-blackmar.html,"Blackmar, Phil"
/players/player.40058.zac-blair.html,"Blair, Zac"
/players/player.01098.jay-don-blake.html,"Blake, Jay Don"
/players/player.01099.homero-blancas.html,"Blancas, Homero"
/players/player.28087.kris-blanks.html,"Blanks, Kris"
/players/player.27958.ryan-blaum.html,"Blaum, Ryan"
/players/player.27895.jonas-blixt.html,"Blixt, Jonas"
/players/player.24507.jason-bohn.html,"Bohn, Jason"
/players/player.06214.guy-boros.html,"Boros, Guy"
/players/player.01108.julius-boros.html,"Boros, Julius"
/players/player.25335.marcus-both.html,"Both, Marcus"
/players/player.26525.gregory-bourdy.html,"Bourdy, Grégory"
/players/player.25274.steven-bowditch.html,"Bowditch, Steven"
/players/player.40009.dominic-bozzelli.html,"Bozzelli, Dominic"
/players/player.33141.keegan-bradley.html,"Bradley, Keegan"
/players/player.01116.michael-bradley.html,"Bradley, Michael"
/players/player.01132.mark-brooks.html,"Brooks, Mark"
/players/player.01133.billy-ray-brown.html,"Brown, Billy Ray"
/players/player.37670.bud-brown.html,"Brown, Bud"
/players/player.01135.ken-brown.html,"Brown, Ken"
/players/player.22313.mark-brown.html,"Brown, Mark"
/players/player.32262.mark-brown.html,"Brown, Mark"
/players/player.29479.scott-brown.html,"Brown, Scott"
/players/player.01139.olin-browne.html,"Browne, Olin"
/players/player.48084.wesley-bryan.html,"Bryan, Wesley"
/players/player.01142.bart-bryant.html,"Bryant, Bart"
/players/player.01143.brad-bryant.html,"Bryant, Brad"
/players/player.29268.bronson-burgoon.html,"Burgoon, Bronson"
/players/player.33974.dean-burmester.html,"Burmester, Dean"
/players/player.06809.bob-burns.html,"Burns, Bob"
/players/player.01150.george-burns.html,"Burns, George"
/players/player.47504.sam-burns.html,"Burns, Sam"
/players/player.01155.bob-byman.html,"Byman, Bob"
/players/player.24925.jonathan-byrd.html,"Byrd, Jonathan"
/players/player.32424.james-byrne.html,"Byrne, James"
/players/player.01156.curt-byrum.html,"Byrum, Curt"
/players/player.01157.tom-byrum.html,"Byrum, Tom"
/players/player.20848.angel-cabrera.html,"Cabrera, Ángel"
/players/player.26499.rafa-cabrera-bello.html,"Cabrera Bello, Rafa"
/players/player.22789.brian-cairns.html,"Cairns, Brian"
/players/player.01161.mark-calcavecchia.html,"Calcavecchia, Mark"
/players/player.01162.rex-caldwell.html,"Caldwell, Rex"
/players/player.46443.brian-campbell.html,"Campbell, Brian"
/players/player.12510.chad-campbell.html,"Campbell, Chad"
/players/player.32070.rafael-campos.html,"Campos, Rafael"
/players/player.35450.patrick-cantlay.html,"Cantlay, Patrick"
/players/player.28093.miguel-angel-carballo.html,"Carballo, Miguel Angel"
/players/player.07569.mark-carnevale.html,"Carnevale, Mark"
/players/player.01175.jim-carter.html,"Carter, Jim"
/players/player.25364.paul-casey.html,"Casey, Paul"
/players/player.01177.billy-casper.html,"Casper, Billy"
/players/player.32200.roberto-castro.html,"Castro, Roberto"
/players/player.34021.bud-cauley.html,"Cauley, Bud"
/players/player.26500.alejandro-canizares.html,"Cañizares, Alejandro"
/players/player.20472.alex-cejka.html,"Cejka, Alex"
/players/player.01180.ron-cerrudo.html,"Cerrudo, Ron"
/players/player.20593.greg-chalmers.html,"Chalmers, Greg"
/players/player.01185.brandel-chamblee.html,"Chamblee, Brandel"
/players/player.52372.cameron-champ.html,"Champ, Cameron"
/players/player.32366.kevin-chappell.html,"Chappell, Kevin"
/players/player.25203.ssp-chawrasia.html,"Chawrasia, SSP"
/players/player.01192.t-c--chen.html,"Chen, T.C."
/players/player.34306.john-chin.html,"Chin, John"
/players/player.24357.k-j--choi.html,"Choi, K.J."
/players/player.20850.daniel-chopra.html,"Chopra, Daniel"
/players/player.20229.stewart-cink.html,"Cink, Stewart"
/players/player.01197.bobby-clampett.html,"Clampett, Bobby"
/players/player.23135.tim-clark.html,"Clark, Tim"
/players/player.51766.wyndham-clark.html,"Clark, Wyndham"
/players/player.12388.michael-clark-ii.html,"Clark II, Michael"
/players/player.19825.darren-clarke.html,"Clarke, Darren"
/players/player.28455.will-claxton.html,"Claxton, Will"
/players/player.01200.keith-clearwater.html,"Clearwater, Keith"
/players/player.01201.lennie-clements.html,"Clements, Lennie"
/players/player.19972.jose-coceres.html,"Coceres, José"
/players/player.01203.russ-cochran.html,"Cochran, Russ"
/players/player.28937.george-coetzee.html,"Coetzee, George"
/players/player.01205.jim-colbert.html,"Colbert, Jim"
/players/player.01206.bobby-cole.html,"Cole, Bobby"
/players/player.25720.chad-collins.html,"Collins, Chad"
/players/player.23452.nicolas-colsaerts.html,"Colsaerts, Nicolas"
/players/player.01214.frank-conner.html,"Conner, Frank"
/players/player.39997.corey-conners.html,"Conners, Corey"
/players/player.01215.charles-coody.html,"Coody, Charles"
/players/player.46435.austin-cook.html,"Cook, Austin"
/players/player.01219.john-cook.html,"Cook, John"
/players/player.11123.chris-couch.html,"Couch, Chris"
/players/player.01226.fred-couples.html,"Couples, Fred"
/players/player.01233.bruce-crampton.html,"Crampton, Bruce"
/players/player.23541.ben-crane.html,"Crane, Ben"
/players/player.01235.ben-crenshaw.html,"Crenshaw, Ben"
/players/player.01242.rod-curl.html,"Curl, Rod"
/players/player.34262.jon-curran.html,"Curran, Jon"
/players/player.22621.ben-curtis.html,"Curtis, Ben"
/players/player.34076.joel-dahmen.html,"Dahmen, Joel"
/players/player.01249.john-daly.html,"Daly, John"
/players/player.19881.robert-damron.html,"Damron, Robert"
/players/player.21753.brian-davis.html,"Davis, Brian"
/players/player.45157.cameron-davis.html,"Davis, Cameron"
/players/player.06034.marco-dawson.html,"Dawson, Marco"
/players/player.08931.glen-day.html,"Day, Glen"
/players/player.28089.jason-day.html,"Day, Jason"
/players/player.23638.brendon-de-jonge.html,"de Jonge, Brendon"
/players/player.05163.roberto-de-vicenzo.html,"De Vicenzo, Roberto"
/players/player.47959.bryson-dechambeau.html,"DeChambeau, Bryson"
/players/player.27436.graham-delaet.html,"DeLaet, Graham"
/players/player.01261.jay-delsing.html,"Delsing, Jay"
/players/player.01268.jim-dent.html,"Dent, Jim"
/players/player.01269.bruce-devlin.html,"Devlin, Bruce"
/players/player.01274.bob-dickson.html,"Dickson, Bob"
/players/player.01275.terry-diehl.html,"Diehl, Terry"
/players/player.01277.terry-dill.html,"Dill, Terry"
/players/player.06251.chris-dimarco.html,"DiMarco, Chris"
/players/player.36983.matt-dobyns.html,"Dobyns, Matt"
/players/player.01282.trevor-dodds.html,"Dodds, Trevor"
/players/player.28751.andrew-dodt.html,"Dodt, Andrew"
/players/player.23983.luke-donald.html,"Donald, Luke"
/players/player.01284.mike-donald.html,"Donald, Mike"
/players/player.25369.jamie-donaldson.html,"Donaldson, Jamie"
/players/player.01288.ed-dougherty.html,"Dougherty, Ed"
/players/player.32485.sean-dougherty.html,"Dougherty, Sean"
/players/player.01290.dale-douglass.html,"Douglass, Dale"
/players/player.22983.bradley-dredge.html,"Dredge, Bradley"
/players/player.28339.victor-dubuisson.html,"Dubuisson, Victor"
/players/player.25686.jason-dufner.html,"Dufner, Jason"
/players/player.20104.ken-duke.html,"Duke, Ken"
/players/player.45609.tyler-duncan.html,"Duncan, Tyler"
/players/player.46567.paul-dunne.html,"Dunne, Paul"
/players/player.06621.joe-durant.html,"Durant, Joe"
/players/player.09011.david-duval.html,"Duval, David"
/players/player.24512.simon-dyson.html,"Dyson, Simon"
/players/player.35376.roberto-diaz.html,"Díaz, Roberto"
/players/player.01303.bob-eastwood.html,"Eastwood, Bob"
/players/player.01305.danny-edwards.html,"Edwards, Danny"
/players/player.01306.david-edwards.html,"Edwards, David"
/players/player.01307.joel-edwards.html,"Edwards, Joel"
/players/player.01310.dave-eichelberger.html,"Eichelberger, Dave"
/players/player.01312.lee-elder.html,"Elder, Lee"
/players/player.01313.steve-elkington.html,"Elkington, Steve"
/players/player.06522.ernie-els.html,"Els, Ernie"
/players/player.34099.harris-english.html,"English, Harris"
/players/player.37273.derek-ernst.html,"Ernst, Derek"
/players/player.01320.bob-estes.html,"Estes, Bob"
/players/player.30191.julian-etulain.html,"Etulain, Julián"
/players/player.28307.matt-every.html,"Every, Matt"
/players/player.01323.brad-fabel.html,"Fabel, Brad"
/players/player.01326.nick-faldo.html,"Faldo, Nick"
/players/player.31416.derek-fathauer.html,"Fathauer, Derek"
/players/player.01329.brad-faxon.html,"Faxon, Brad"
/players/player.01331.rick-fehr.html,"Fehr, Rick"
/players/player.01334.keith-fergus.html,"Fergus, Keith"
/players/player.01337.jim-ferree.html,"Ferree, Jim"
/players/player.01342.forrest-fezler.html,"Fezler, Forrest"
/players/player.29725.tony-finau.html,"Finau, Tony"
/players/player.01345.dow-finsterwald.html,"Finsterwald, Dow"
/players/player.01346.ed-fiori.html,"Fiori, Ed"
/players/player.27896.ross-fisher.html,"Fisher, Ross"
/players/player.40098.matthew-fitzpatrick.html,"Fitzpatrick, Matthew"
/players/player.01350.pat-fitzsimons.html,"Fitzsimons, Pat"
/players/player.01352.marty-fleckman.html,"Fleckman, Marty"
/players/player.30911.tommy-fleetwood.html,"Fleetwood, Tommy"
/players/player.01353.bruce-fleisher.html,"Fleisher, Bruce"
/players/player.07457.steve-flesch.html,"Flesch, Steve"
/players/player.01355.raymond-floyd.html,"Floyd, Raymond"
/players/player.01359.doug-ford.html,"Ford, Doug"
/players/player.01361.dan-forsman.html,"Forsman, Dan"
/players/player.01363.john-fought.html,"Fought, John"
/players/player.32102.rickie-fowler.html,"Fowler, Rickie"
/players/player.29936.ryan-fox.html,"Fox, Ryan"
/players/player.12823.carlos-franco.html,"Franco, Carlos"
/players/player.21805.harrison-frazar.html,"Frazar, Harrison"
/players/player.01374.robin-freeman.html,"Freeman, Robin"
/players/player.29970.dylan-frittelli.html,"Frittelli, Dylan"
/players/player.33181.charles-frost.html,"Frost, Charles"
/players/player.01378.david-frost.html,"Frost, David"
/players/player.29833.yoshinori-fujimoto.html,"Fujimoto, Yoshinori"
/players/player.21284.hiroyuki-fujita.html,"Fujita, Hiroyuki"
/players/player.20763.pierre-fulke.html,"Fulke, Pierre"
/players/player.01381.fred-funk.html,"Funk, Fred"
/players/player.10809.jim-furyk.html,"Furyk, Jim"
/players/player.23366.brian-gaffney.html,"Gaffney, Brian"
/players/player.30750.tommy-gainey.html,"Gainey, Tommy"
/players/player.20376.stephen-gallacher.html,"Gallacher, Stephen"
/players/player.01385.jim-gallagher--jr-.html,"Gallagher, Jr., Jim"
/players/player.01388.robert-gamez.html,"Gamez, Robert"
/players/player.46523.joey-garber.html,"Garber, Joey"
/players/player.21209.sergio-garcia.html,"Garcia, Sergio"
/players/player.01390.buddy-gardner.html,"Gardner, Buddy"
/players/player.29535.brice-garnett.html,"Garnett, Brice"
/players/player.24358.robert-garrigus.html,"Garrigus, Robert"
/players/player.19846.brian-gay.html,"Gay, Brian"
/players/player.01401.al-geiberger.html,"Geiberger, Al"
/players/player.12645.brent-geiberger.html,"Geiberger, Brent"
/players/player.01408.kelly-gibson.html,"Gibson, Kelly"
/players/player.01412.gibby-gilbert.html,"Gilbert, Gibby"
/players/player.01414.bob-gilder.html,"Gilder, Bob"
/players/player.31626.nick-gillespie.html,"Gillespie, Nick"
/players/player.01418.bill-glasson.html,"Glasson, Bill"
/players/player.25900.lucas-glover.html,"Glover, Lucas"
/players/player.01421.randy-glover.html,"Glover, Randy"
/players/player.01422.bob-goalby.html,"Goalby, Bob"
/players/player.10201.matt-gogel.html,"Gogel, Matt"
/players/player.01425.ernie-gonzalez.html,"Gonzalez, Ernie"
/players/player.46402.talor-gooch.html,"Gooch, Talor"
/players/player.20157.retief-goosen.html,"Goosen, Retief"
/players/player.22892.jason-gore.html,"Gore, Jason"
/players/player.23338.david-gossett.html,"Gossett, David"
/players/player.31577.tano-goya.html,"Goya, Tano"
/players/player.06643.paul-goydos.html,"Goydos, Paul"
/players/player.29974.branden-grace.html,"Grace, Branden"
/players/player.01436.david-graham.html,"Graham, David"
/players/player.01443.hubert-green.html,"Green, Hubert"
/players/player.01444.ken-green.html,"Green, Ken"
/players/player.23718.nathan-green.html,"Green, Nathan"
/players/player.39954.cody-gribble.html,"Gribble, Cody"
/players/player.31646.emiliano-grillo.html,"Grillo, Emiliano"
/players/player.07941.mike-grob.html,"Grob, Mike"
/players/player.01450.gary-groh.html,"Groh, Gary"
/players/player.06044.scott-gump.html,"Gump, Scott"
/players/player.28679.fabian-gomez.html,"Gómez, Fabián"
/players/player.24924.bill-haas.html,"Haas, Bill"
/players/player.01457.jay-haas.html,"Haas, Jay"
/players/player.34563.chesson-hadley.html,"Hadley, Chesson"
/players/player.33399.adam-hadwin.html,"Hadwin, Adam"
/players/player.15388.walter-hagen.html,"Hagen, Walter"
/players/player.46550.brandon-hagy.html,"Hagy, Brandon"
/players/player.32448.james-hahn.html,"Hahn, James"
/players/player.01468.gary-hallberg.html,"Hallberg, Gary"
/players/player.25277.ryan-haller.html,"Haller, Ryan"
/players/player.01473.todd-hamilton.html,"Hamilton, Todd"
/players/player.01474.laurie-hammer.html,"Hammer, Laurie"
/players/player.01475.donnie-hammond.html,"Hammond, Donnie"
/players/player.27324.seungsu-han.html,"Han, Seungsu"
/players/player.01477.phillip-hancock.html,"Hancock, Phillip"
/players/player.20859.anders-hansen.html,"Hansen, Anders"
/players/player.22792.peter-hanson.html,"Hanson, Peter"
/players/player.28938.justin-harding.html,"Harding, Justin"
/players/player.35421.brandon-harkins.html,"Harkins, Brandon"
/players/player.27644.brian-harman.html,"Harman, Brian"
/players/player.20766.padraig-harrington.html,"Harrington, Padraig"
/players/player.01486.labron-harris.html,"Harris, Labron"
/players/player.06575.dudley-hart.html,"Hart, Dudley"
/players/player.01495.morris-hatalsky.html,"Hatalsky, Morris"
/players/player.34363.tyrrell-hatton.html,"Hatton, Tyrrell"
/players/player.08537.j-p--hayes.html,"Hayes, J.P."
/players/player.01502.jerry-heard.html,"Heard, Jerry"
/players/player.26758.david-hearn.html,"Hearn, David"
/players/player.08337.mike-heinen.html,"Heinen, Mike"
/players/player.28380.ryan-helminen.html,"Helminen, Ryan"
/players/player.01510.nolan-henke.html,"Henke, Nolan"
/players/player.34098.russell-henley.html,"Henley, Russell"
/players/player.06617.brian-henninger.html,"Henninger, Brian"
/players/player.01512.bunky-henry.html,"Henry, Bunky"
/players/player.23353.j-j--henry.html,"Henry, J.J."
/players/player.20433.mark-hensby.html,"Hensby, Mark"
/players/player.31557.jim-herman.html,"Herman, Jim"
/players/player.12782.tim-herron.html,"Herron, Tim"
/players/player.49298.kramer-hickok.html,"Hickok, Kramer"
/players/player.01522.lon-hinkle.html,"Hinkle, Lon"
/players/player.01524.larry-hinson.html,"Hinson, Larry"
/players/player.01525.babe-hiskey.html,"Hiskey, Babe"
/players/player.21007.gabriel-hjertstedt.html,"Hjertstedt, Gabriel"
/players/player.01527.scott-hoch.html,"Hoch, Scott"
/players/player.12716.charley-hoffman.html,"Hoffman, Charley"
/players/player.33461.morgan-hoffmann.html,"Hoffmann, Morgan"
/players/player.01528.ben-hogan.html,"Hogan, Ben"
/players/player.35532.tom-hoge.html,"Hoge, Tom"
/players/player.27141.j-b--holmes.html,"Holmes, J.B."
/players/player.39977.max-homa.html,"Homa, Max"
/players/player.29420.billy-horschel.html,"Horschel, Billy"
/players/player.35461.beau-hossler.html,"Hossler, Beau"
/players/player.20608.david-howell.html,"Howell, David"
/players/player.21961.charles-howell-iii.html,"Howell III, Charles"
/players/player.35506.mackenzie-hughes.html,"Hughes, Mackenzie"
/players/player.34174.john-huh.html,"Huh, John"
/players/player.01549.mike-hulbert.html,"Hulbert, Mike"
/players/player.29222.billy-hurley-iii.html,"Hurley III, Billy"
/players/player.01553.john-huston.html,"Huston, John"
/players/player.26908.yuta-ikeda.html,"Ikeda, Yuta"
/players/player.24956.mikko-ilonen.html,"Ilonen, Mikko"
/players/player.39971.sungjae-im.html,"Im, Sungjae"
/players/player.21350.ryuji-imada.html,"Imada, Ryuji"
/players/player.22378.trevor-immelman.html,"Immelman, Trevor"
/players/player.01556.joe-inman.html,"Inman, Joe"
/players/player.01557.john-inman.html,"Inman, John"
/players/player.36449.arie-ahmad-irawan.html,"Irawan, Arie Ahmad"
/players/player.01559.hale-irwin.html,"Irwin, Hale"
/players/player.01562.don-iverson.html,"Iverson, Don"
/players/player.06306.tony-jacklin.html,"Jacklin, Tony"
/players/player.01570.tommy-jacobs.html,"Jacobs, Tommy"
/players/player.01569.peter-jacobsen.html,"Jacobsen, Peter"
/players/player.21731.freddie-jacobson.html,"Jacobson, Freddie"
/players/player.01571.barry-jaeckel.html,"Jaeckel, Barry"
/players/player.36799.stephan-jaeger.html,"Jaeger, Stephan"
/players/player.24511.thongchai-jaidee.html,"Jaidee, Thongchai"
/players/player.01573.jim-jamieson.html,"Jamieson, Jim"
/players/player.31138.scott-jamieson.html,"Jamieson, Scott"
/players/player.01576.don-january.html,"January, Don"
/players/player.01577.lee-janzen.html,"Janzen, Lee"
/players/player.01578.tom-jenkins.html,"Jenkins, Tom"
/players/player.32878.jin-jeong.html,"Jeong, Jin"
/players/player.39826.cheng-jin.html,"Jin, Cheng"
/players/player.06573.brandt-jobe.html,"Jobe, Brandt"
/players/player.30925.dustin-johnson.html,"Johnson, Dustin"
/players/player.26420.richard-johnson.html,"Johnson, Richard"
/players/player.24024.zach-johnson.html,"Johnson, Zach"
/players/player.01590.al-johnston.html,"Johnston, Al"
/players/player.01591.bill-johnston.html,"Johnston, Bill"
/players/player.23725.brendan-jones.html,"Jones, Brendan"
/players/player.28327.brett-jones.html,"Jones, Brett"
/players/player.01597.grier-jones.html,"Jones, Grier"
/players/player.10733.kent-jones.html,"Jones, Kent"
/players/player.47990.kyle-jones.html,"Jones, Kyle"
/players/player.26300.matt-jones.html,"Jones, Matt"
/players/player.01599.steve-jones.html,"Jones, Steve"
/players/player.25400.jiman-kang.html,"Kang, Jiman"
/players/player.27974.sung-kang.html,"Kang, Sung"
/players/player.01611.richie-karl.html,"Karl, Richie"
/players/player.27899.rikard-karlberg.html,"Karlberg, Rikard"
/players/player.19970.robert-karlsson.html,"Karlsson, Robert"
/players/player.46440.smylie-kaufman.html,"Kaufman, Smylie"
/players/player.20094.jonathan-kaye.html,"Kaye, Jonathan"
/players/player.27408.martin-kaymer.html,"Kaymer, Martin"
/players/player.34471.andrew-kelly.html,"Kelly, Andrew"
/players/player.08075.jerry-kelly.html,"Kelly, Jerry"
/players/player.28308.troy-kelly.html,"Kelly, Troy"
/players/player.01619.skip-kendall.html,"Kendall, Skip"
/players/player.47225.ryan-kennedy.html,"Kennedy, Ryan"
/players/player.55752.ben-kern.html,"Kern, Ben"
/players/player.29718.anthony-kim.html,"Kim, Anthony"
/players/player.34587.chan-kim.html,"Kim, Chan"
/players/player.37092.hyung-sung-kim.html,"Kim, Hyung-Sung"
/players/player.28258.k-t--kim.html,"Kim, K.T."
/players/player.39975.michael-kim.html,"Kim, Michael"
/players/player.37455.si-woo-kim.html,"Kim, Si Woo"
/players/player.37454.whee-kim.html,"Kim, Whee"
/players/player.30926.chris-kirk.html,"Kirk, Chris"
/players/player.29478.kevin-kisner.html,"Kisner, Kevin"
/players/player.01633.tom-kite.html,"Kite, Tom"
/players/player.32757.patton-kizzire.html,"Kizzire, Patton"
/players/player.22986.soren-kjeldsen.html,"Kjeldsen, Søren"
/players/player.30711.colt-knost.html,"Knost, Colt"
/players/player.36852.jim-knous.html,"Knous, Jim"
/players/player.01639.kenny-knox.html,"Knox, Kenny"
/players/player.33122.russell-knox.html,"Knox, Russell"
/players/player.01641.gary-koch.html,"Koch, Gary"
/players/player.32816.satoshi-kodaira.html,"Kodaira, Satoshi"
/players/player.36689.brooks-koepka.html,"Koepka, Brooks"
/players/player.27652.johan-kok.html,"Kok, Johan"
/players/player.30944.jason-kokrak.html,"Kokrak, Jason"
/players/player.22032.tomohiro-kondo.html,"Kondo, Tomohiro"
/players/player.06012.greg-kraft.html,"Kraft, Greg"
/players/player.35879.kelly-kraft.html,"Kraft, Kelly"
/players/player.01648.billy-kratzert.html,"Kratzert, Billy"
/players/player.23108.matt-kuchar.html,"Kuchar, Matt"
/players/player.23552.hank-kuehne.html,"Kuehne, Hank"
/players/player.31420.anirban-lahiri.html,"Lahiri, Anirban"
/players/player.27936.martin-laird.html,"Laird, Martin"
/players/player.27797.derek-lamely.html,"Lamely, Derek"
/players/player.06332.neal-lancaster.html,"Lancaster, Neal"
/players/player.33410.andrew-landry.html,"Landry, Andrew"
/players/player.37250.romain-langasque.html,"Langasque, Romain"
/players/player.01666.bernhard-langer.html,"Langer, Bernhard"
/players/player.34261.scott-langley.html,"Langley, Scott"
/players/player.29670.pablo-larrazabal.html,"Larrazabal, Pablo"
/players/player.28775.nate-lashley.html,"Lashley, Nate"
/players/player.19904.paul-lawrie.html,"Lawrie, Paul"
/players/player.49766.hank-lebioda.html,"Lebioda, Hank"
/players/player.29926.danny-lee.html,"Lee, Danny"
/players/player.32791.kyoung-hoon-lee.html,"Lee, Kyoung-Hoon"
/players/player.32888.lucas-lee.html,"Lee, Lucas"
/players/player.34168.soomin-lee.html,"Lee, Soomin"
/players/player.33233.sung-ho-lee.html,"Lee, Sung-Ho"
/players/player.10565.ian-leggatt.html,"Leggatt, Ian"
/players/player.01677.tom-lehman.html,"Lehman, Tom"
/players/player.26851.marc-leishman.html,"Leishman, Marc"
/players/player.10860.justin-leonard.html,"Leonard, Justin"
/players/player.01682.wayne-levi.html,"Levi, Wayne"
/players/player.34579.alexander-levy.html,"Levy, Alexander"
/players/player.01685.j-l--lewis.html,"Lewis, J.L."
/players/player.31997.steve-lewton.html,"Lewton, Steve"
/players/player.11032.frank-lickliter-ii.html,"Lickliter II, Frank"
/players/player.37278.nicholas-lindheim.html,"Lindheim, Nicholas"
/players/player.01692.pat-lindsey.html,"Lindsey, Pat"
/players/player.34409.david-lingmerth.html,"Lingmerth, David"
/players/player.27129.luke-list.html,"List, Luke"
/players/player.01695.gene-littler.html,"Littler, Gene"
/players/player.01701.bob-lohr.html,"Lohr, Bob"
/players/player.20634.peter-lonard.html,"Lonard, Peter"
/players/player.35449.adam-long.html,"Long, Adam"
/players/player.39994.jace-long.html,"Long, Jace"
/players/player.01703.lyn-lott.html,"Lott, Lyn"
/players/player.01706.davis-love-iii.html,"Love III, Davis"
/players/player.50526.tom-lovelady.html,"Lovelady, Tom"
/players/player.29461.jamie-lovemark.html,"Lovemark, Jamie"
/players/player.01707.steve-lowery.html,"Lowery, Steve"
/players/player.33204.shane-lowry.html,"Lowry, Shane"
/players/player.29064.chih-wei-lu.html,"Lu, Chih Wei"
/players/player.37380.curtis-luck.html,"Luck, Curtis"
/players/player.28300.joost-luiten.html,"Luiten, Joost"
/players/player.23548.bill-lunde.html,"Lunde, Bill"
/players/player.01714.bob-lunn.html,"Lunn, Bob"
/players/player.01715.mark-lye.html,"Lye, Mark"
/players/player.01717.sandy-lyle.html,"Lyle, Sandy"
/players/player.21099.david-lynn.html,"Lynn, David"
/players/player.24912.will-mackenzie.html,"MacKenzie, Will"
/players/player.32694.morten-orum-madsen.html,"Madsen, Morten Orum"
/players/player.01723.andrew-magee.html,"Magee, Andrew"
/players/player.01724.jeff-maggert.html,"Maggert, Jeff"
/players/player.01725.john-mahaffey.html,"Mahaffey, John"
/players/player.24781.hunter-mahan.html,"Mahan, Hunter"
/players/player.34466.peter-malnati.html,"Malnati, Peter"
/players/player.01736.roger-maltbie.html,"Maltbie, Roger"
/players/player.33199.matteo-manassero.html,"Manassero, Matteo"
/players/player.28158.steve-marino.html,"Marino, Steve"
/players/player.01746.fred-marti.html,"Marti, Fred"
/players/player.33413.ben-martin.html,"Martin, Ben"
/players/player.21470.daisuke-maruyama.html,"Maruyama, Daisuke"
/players/player.12680.shigeki-maruyama.html,"Maruyama, Shigeki"
/players/player.01753.rik-massengale.html,"Massengale, Rik"
/players/player.01755.dick-mast.html,"Mast, Dick"
/players/player.32839.hideki-matsuyama.html,"Matsuyama, Hideki"
/players/player.27120.troy-matteson.html,"Matteson, Troy"
/players/player.01761.len-mattiace.html,"Mattiace, Len"
/players/player.01763.billy-maxwell.html,"Maxwell, Billy"
/players/player.01766.billy-mayfair.html,"Mayfair, Billy"
/players/player.01771.blaine-mccallister.html,"McCallister, Blaine"
/players/player.01772.bob-mccallister.html,"McCallister, Bob"
/players/player.10585.scott-mccarron.html,"McCarron, Scott"
/players/player.47993.denny-mccarthy.html,"McCarthy, Denny"
/players/player.01779.gary-mccord.html,"McCord, Gary"
/players/player.01782.mike-mccullough.html,"McCullough, Mike"
/players/player.01783.mark-mccumber.html,"McCumber, Mark"
/players/player.25572.graeme-mcdowell.html,"McDowell, Graeme"
/players/player.01786.jerry-mcgee.html,"McGee, Jerry"
/players/player.31202.william-mcgirt.html,"McGirt, William"
/players/player.06090.jim-mcgovern.html,"McGovern, Jim"
/players/player.01790.pat-mcgowan.html,"McGowan, Pat"
/players/player.28237.rory-mcilroy.html,"McIlroy, Rory"
/players/player.24449.parker-mclachlin.html,"McLachlin, Parker"
/players/player.01793.mac-mclendon.html,"McLendon, Mac"
/players/player.24490.george-mcneill.html,"McNeill, George"
/players/player.08339.spike-mcroy.html,"McRoy, Spike"
/players/player.01797.rocco-mediate.html,"Mediate, Rocco"
/players/player.24039.prom-meesawat.html,"Meesawat, Prom"
/players/player.27933.john-merrick.html,"Merrick, John"
/players/player.32640.troy-merritt.html,"Merritt, Troy"
/players/player.06515.shaun-micheel.html,"Micheel, Shaun"
/players/player.01810.phil-mickelson.html,"Mickelson, Phil"
/players/player.01811.cary-middlecoff.html,"Middlecoff, Cary"
/players/player.01814.allen-miller.html,"Miller, Allen"
/players/player.01815.johnny-miller.html,"Miller, Johnny"
/players/player.01821.jeff-mitchell.html,"Mitchell, Jeff"
/players/player.39546.keith-mitchell.html,"Mitchell, Keith"
/players/player.01823.larry-mize.html,"Mize, Larry"
/players/player.23800.bryce-molder.html,"Molder, Bryce"
/players/player.23814.edoardo-molinari.html,"Molinari, Edoardo"
/players/player.25198.francesco-molinari.html,"Molinari, Francesco"
/players/player.29422.jonathan-moore.html,"Moore, Jonathan"
/players/player.26596.ryan-moore.html,"Moore, Ryan"
/players/player.01837.gil-morgan.html,"Morgan, Gil"
/players/player.20112.john-morgan.html,"Morgan, John"
/players/player.23091.alan-morin.html,"Morin, Alan"
/players/player.01838.mike-morley.html,"Morley, Mike"
/players/player.29256.james-morrison.html,"Morrison, James"
/players/player.07235.john-morse.html,"Morse, John"
/players/player.01846.jodie-mudd.html,"Mudd, Jodie"
/players/player.46601.trey-mullinax.html,"Mullinax, Trey"
/players/player.34451.brett-munson.html,"Munson, Brett"
/players/player.01851.bob-murphy.html,"Murphy, Bob"
/players/player.34213.grayson-murray.html,"Murray, Grayson"
/players/player.27118.toshinori-muto.html,"Muto, Toshinori"
/players/player.48822.sebastian-munoz.html,"Muñoz, Sebastián"
/players/player.25396.kevin-na.html,"Na, Kevin"
/players/player.01861.jim-nelford.html,"Nelford, Jim"
/players/player.01863.byron-nelson.html,"Nelson, Byron"
/players/player.01864.larry-nelson.html,"Nelson, Larry"
/players/player.01865.dwight-nevil.html,"Nevil, Dwight"
/players/player.01866.jack-newton.html,"Newton, Jack"
/players/player.01867.bobby-nichols.html,"Nichols, Bobby"
/players/player.01869.jack-nicklaus.html,"Nicklaus, Jack"
/players/player.01871.mike-nicolette.html,"Nicolette, Mike"
/players/player.45486.joaquin-niemann.html,"Niemann, Joaquin"
/players/player.01873.tom-nieporte.html,"Nieporte, Tom"
/players/player.10457.frank-nobilo.html,"Nobilo, Frank"
/players/player.29289.seung-yul-noh.html,"Noh, Seung-Yul"
/players/player.27349.alex-noren.html,"Noren, Alex"
/players/player.01876.greg-norman.html,"Norman, Greg"
/players/player.01877.tim-norris.html,"Norris, Tim"
/players/player.01878.andy-north.html,"North, Andy"
/players/player.01884.mac-o-grady.html,"O'Grady, Mac"
/players/player.24140.sean-o-hair.html,"O'Hair, Sean"
/players/player.01887.mark-o-meara.html,"O'Meara, Mark"
/players/player.20628.arron-oberholser.html,"Oberholser, Arron"
/players/player.27119.koumei-oda.html,"Oda, Koumei"
/players/player.21949.joe-ogilvie.html,"Ogilvie, Joe"
/players/player.22046.geoff-ogilvy.html,"Ogilvy, Geoff"
/players/player.01891.david-ogrin.html,"Ogrin, David"
/players/player.06373.jose-maria-olazabal.html,"Olazábal, José María"
/players/player.33968.thorbjorn-olesen.html,"Olesen, Thorbjørn"
/players/player.34357.jeff-olson.html,"Olson, Jeff"
/players/player.01897.peter-oosterhuis.html,"Oosterhuis, Peter"
/players/player.26329.louis-oosthuizen.html,"Oosthuizen, Louis"
/players/player.26341.wade-ormsby.html,"Ormsby, Wade"
/players/player.33667.carlos-ortiz.html,"Ortiz, Carlos"
/players/player.34575.adrian-otaegui.html,"Otaegui, Adrian"
/players/player.22400.hennie-otto.html,"Otto, Hennie"
/players/player.28475.jeff-overton.html,"Overton, Jeff"
/players/player.20691.greg-owen.html,"Owen, Greg"
/players/player.06583.roy-pace.html,"Pace, Roy"
/players/player.34414.chris-paisley.html,"Paisley, Chris"
/players/player.01910.arnold-palmer.html,"Palmer, Arnold"
/players/player.23320.ryan-palmer.html,"Palmer, Ryan"
/players/player.20572.rod-pampling.html,"Pampling, Rod"
/players/player.29908.c-t--pan.html,"Pan, C.T."
/players/player.40101.brinson-paolini.html,"Paolini, Brinson"
/players/player.34130.sung-joon-park.html,"Park, Sung Joon"
/players/player.12660.jesper-parnevik.html,"Parnevik, Jesper"
/players/player.01920.craig-parry.html,"Parry, Craig"
/players/player.01925.jerry-pate.html,"Pate, Jerry"
/players/player.01926.steve-pate.html,"Pate, Steve"
/players/player.01927.dennis-paulson.html,"Paulson, Dennis"
/players/player.01928.corey-pavin.html,"Pavin, Corey"
/players/player.26561.mahal-pearce.html,"Pearce, Mahal"
/players/player.01938.david-peoples.html,"Peoples, David"
/players/player.34709.eddie-pepperell.html,"Pepperell, Eddie"
/players/player.24361.pat-perez.html,"Perez, Pat"
/players/player.10912.craig-perks.html,"Perks, Craig"
/players/player.01941.tom-pernice-jr-.html,"Pernice Jr., Tom"
/players/player.01943.chris-perry.html,"Perry, Chris"
/players/player.01945.kenny-perry.html,"Perry, Kenny"
/players/player.48139.austin-peters.html,"Peters, Austin"
/players/player.01948.tim-petrovic.html,"Petrovic, Tim"
/players/player.25345.carl-pettersson.html,"Pettersson, Carl"
/players/player.01949.mark-pfeil.html,"Pfeil, Mark"
/players/player.28150.chinnarat-phadungsil.html,"Phadungsil, Chinnarat"
/players/player.25818.scott-piercy.html,"Piercy, Scott"
/players/player.33293.thomas-pieters.html,"Pieters, Thomas"
/players/player.32876.martin-piller.html,"Piller, Martin"
/players/player.33610.panuphol-pittayarat.html,"Pittayarat, Panuphol"
/players/player.01955.gary-player.html,"Player, Gary"
/players/player.01958.dan-pohl.html,"Pohl, Dan"
/players/player.25240.d-a--points.html,"Points, D.A."
/players/player.01960.don-pooley.html,"Pooley, Don"
/players/player.35912.haydn-porteous.html,"Porteous, Haydn"
/players/player.49771.j-t--poston.html,"Poston, J.T."
/players/player.01962.johnny-pott.html,"Pott, Johnny"
/players/player.27556.ted-potter--jr-.html,"Potter, Jr., Ted"
/players/player.24138.ian-poulter.html,"Poulter, Ian"
/players/player.28252.seamus-power.html,"Power, Seamus"
/players/player.01964.greg-powers.html,"Powers, Greg"
/players/player.01968.nick-price.html,"Price, Nick"
/players/player.10213.dicky-pride.html,"Pride, Dicky"
/players/player.30946.alex-prugh.html,"Prugh, Alex"
/players/player.21959.ted-purdy.html,"Purdy, Ted"
/players/player.01975.tom-purtzer.html,"Purtzer, Tom"
/players/player.34256.andrew-putnam.html,"Putnam, Andrew"
/players/player.27778.julien-quesne.html,"Quesne, Julien"
/players/player.07749.brett-quigley.html,"Quigley, Brett"
/players/player.27072.alvaro-quiros.html,"Quiros, Alvaro"
/players/player.46970.jon-rahm.html,"Rahm, Jon"
/players/player.46488.adam-rainaud.html,"Rainaud, Adam"
/players/player.29531.richie-ramsay.html,"Ramsay, Richie"
/players/player.01984.sam-randolph.html,"Randolph, Sam"
/players/player.26476.chez-reavie.html,"Reavie, Chez"
/players/player.34360.patrick-reed.html,"Reed, Patrick"
/players/player.47856.seth-reeves.html,"Reeves, Seth"
/players/player.01994.victor-regalado.html,"Regalado, Victor"
/players/player.01996.mike-reid.html,"Reid, Mike"
/players/player.01997.steve-reid.html,"Reid, Steve"
/players/player.24389.jean-francois-remesy.html,"Remesy, Jean-Francois"
/players/player.01998.jack-renner.html,"Renner, Jack"
/players/player.20127.chris-riley.html,"Riley, Chris"
/players/player.02007.larry-rinker.html,"Rinker, Larry"
/players/player.35732.wes-roach.html,"Roach, Wes"
/players/player.02010.loren-roberts.html,"Roberts, Loren"
/players/player.26539.robert-rock.html,"Rock, Robert"
/players/player.36699.patrick-rodgers.html,"Rodgers, Patrick"
/players/player.02015.chi-chi-rodriguez.html,"Rodriguez, Chi Chi"
/players/player.32058.jose-de-jesus-rodriguez.html,"Rodríguez, José de Jesús"
/players/player.02016.bill-rogers.html,"Rogers, Bill"
/players/player.22913.john-rollins.html,"Rollins, John"
/players/player.25562.andres-romero.html,"Romero, Andres"
/players/player.02023.clarence-rose.html,"Rose, Clarence"
/players/player.22405.justin-rose.html,"Rose, Justin"
/players/player.02033.dave-rummells.html,"Rummells, Dave"
/players/player.37275.sam-ryder.html,"Ryder, Sam"
/players/player.23621.rory-sabbatini.html,"Sabbatini, Rory"
/players/player.02041.bill-sander.html,"Sander, Bill"
/players/player.02042.doug-sanders.html,"Sanders, Doug"
/players/player.05546.gene-sarazen.html,"Sarazen, Gene"
/players/player.02049.gene-sauers.html,"Sauers, Gene"
/players/player.29223.sam-saunders.html,"Saunders, Sam"
/players/player.47627.samuel-saunders.html,"Saunders, Samuel"
/players/player.48081.xander-schauffele.html,"Schauffele, Xander"
/players/player.47347.adam-schenk.html,"Schenk, Adam"
/players/player.10649.tom-scherrer.html,"Scherrer, Tom"
/players/player.30786.brady-schnell.html,"Schnell, Brady"
/players/player.46501.ollie-schniederjans.html,"Schniederjans, Ollie"
/players/player.02064.john-schroeder.html,"Schroeder, John"
/players/player.02067.ted-schulz.html,"Schulz, Ted"
/players/player.26331.charl-schwartzel.html,"Schwartzel, Charl"
/players/player.24502.adam-scott.html,"Scott, Adam"
/players/player.20645.john-senden.html,"Senden, John"
/players/player.39113.shubhankar-sharma.html,"Sharma, Shubhankar"
/players/player.02083.tom-shaw.html,"Shaw, Tom"
/players/player.02084.bob-shearer.html,"Shearer, Bob"
/players/player.29078.chan-shih-chang.html,"Shih-chang, Chan"
/players/player.07013.wes-short--jr-.html,"Short, Jr., Wes"
/players/player.02090.tom-sieckmann.html,"Sieckmann, Tom"
/players/player.23481.marcel-siem.html,"Siem, Marcel"
/players/player.02091.charles-sifford.html,"Sifford, Charles"
/players/player.02093.r-h--sikes.html,"Sikes, R.H."
/players/player.02094.tony-sills.html,"Sills, Tony"
/players/player.39327.ben-silverman.html,"Silverman, Ben"
/players/player.02099.scott-simpson.html,"Simpson, Scott"
/players/player.02100.tim-simpson.html,"Simpson, Tim"
/players/player.29221.webb-simpson.html,"Simpson, Webb"
/players/player.02101.joey-sindelar.html,"Sindelar, Joey"
/players/player.20686.jeev-milkha-singh.html,"Singh, Jeev Milkha"
/players/player.06567.vijay-singh.html,"Singh, Vijay"
/players/player.25321.lee-slattery.html,"Slattery, Lee"
/players/player.33486.roger-sloan.html,"Sloan, Roger"
/players/player.22293.heath-slocum.html,"Slocum, Heath"
/players/player.02104.jeff-sluman.html,"Sluman, Jeff"
/players/player.02105.bob-smith.html,"Smith, Bob"
/players/player.35891.cameron-smith.html,"Smith, Cameron"
/players/player.02106.chris-smith.html,"Smith, Chris"
/players/player.46464.jordan-l-smith.html,"Smith, Jordan L"
/players/player.02118.j-c--snead.html,"Snead, J.C."
/players/player.02119.sam-snead.html,"Snead, Sam"
/players/player.27649.brandt-snedeker.html,"Snedeker, Brandt"
/players/player.02120.ed-sneed.html,"Sneed, Ed"
/players/player.48138.brent-snyder.html,"Snyder, Brent"
/players/player.21951.joey-snyder-iii.html,"Snyder III, Joey"
/players/player.36521.young-han-song.html,"Song, Young-han"
/players/player.12309.bob-sowards.html,"Sowards, Bob"
/players/player.39324.j-j--spaun.html,"Spaun, J.J."
/players/player.34046.jordan-spieth.html,"Spieth, Jordan"
/players/player.02130.steve-spray.html,"Spray, Steve"
/players/player.02131.mike-springer.html,"Springer, Mike"
/players/player.02133.craig-stadler.html,"Stadler, Craig"
/players/player.26679.kevin-stadler.html,"Stadler, Kevin"
/players/player.32493.gary-stal.html,"Stal, Gary"
/players/player.30692.scott-stallings.html,"Stallings, Scott"
/players/player.02135.mike-standly.html,"Standly, Mike"
/players/player.08375.paul-stankowski.html,"Stankowski, Paul"
/players/player.30110.kyle-stanley.html,"Stanley, Kyle"
/players/player.29518.brendan-steele.html,"Steele, Brendan"
/players/player.33418.shawn-stefani.html,"Stefani, Shawn"
/players/player.29485.brett-stegmaier.html,"Stegmaier, Brett"
/players/player.21528.henrik-stenson.html,"Stenson, Henrik"
/players/player.24459.richard-sterne.html,"Sterne, Richard"
/players/player.02146.payne-stewart.html,"Stewart, Payne"
/players/player.02152.dave-stockton.html,"Stockton, Dave"
/players/player.20580.andre-stolz.html,"Stolz, Andre"
/players/player.35225.brandon-stone.html,"Stone, Brandon"
/players/player.23969.graeme-storm.html,"Storm, Graeme"
/players/player.49960.sepp-straka.html,"Straka, Sepp"
/players/player.02159.curtis-strange.html,"Strange, Curtis"
/players/player.34431.robert-streb.html,"Streb, Robert"
/players/player.02160.ron-streck.html,"Streck, Ron"
/players/player.27214.kevin-streelman.html,"Streelman, Kevin"
/players/player.06527.steve-stricker.html,"Stricker, Steve"
/players/player.27963.chris-stroud.html,"Stroud, Chris"
/players/player.31560.brian-stuard.html,"Stuard, Brian"
/players/player.33545.grant-sturgeon.html,"Sturgeon, Grant"
/players/player.33449.zack-sucher.html,"Sucher, Zack"
/players/player.35314.andy-sullivan.html,"Sullivan, Andy"
/players/player.02167.mike-sullivan.html,"Sullivan, Mike"
/players/player.25834.daniel-summerhays.html,"Summerhays, Daniel"
/players/player.45478.julian-suri.html,"Suri, Julian"
/players/player.06595.kevin-sutherland.html,"Sutherland, Kevin"
/players/player.02170.hal-sutton.html,"Sutton, Hal"
/players/player.40115.adam-svensson.html,"Svensson, Adam"
/players/player.34264.hudson-swafford.html,"Swafford, Hudson"
/players/player.20935.toru-taniguchi.html,"Taniguchi, Toru"
/players/player.21498.hideto-tanihara.html,"Tanihara, Hideto"
/players/player.12663.phil-tataurangi.html,"Tataurangi, Phil"
/players/player.25493.nick-taylor.html,"Taylor, Nick"
/players/player.23325.vaughn-taylor.html,"Taylor, Vaughn"
/players/player.27330.josh-teater.html,"Teater, Josh"
/players/player.02185.lance-ten-broeck.html,"Ten Broeck, Lance"
/players/player.02190.doug-tewell.html,"Tewell, Doug"
/players/player.33448.justin-thomas.html,"Thomas, Justin"
/players/player.10387.chris-thompson.html,"Thompson, Chris"
/players/player.22582.kyle-thompson.html,"Thompson, Kyle"
/players/player.02195.leonard-thompson.html,"Thompson, Leonard"
/players/player.32150.michael-thompson.html,"Thompson, Michael"
/players/player.02197.rocky-thompson.html,"Thompson, Rocky"
/players/player.02199.peter-thomson.html,"Thomson, Peter"
/players/player.02201.jim-thorpe.html,"Thorpe, Jim"
/players/player.30927.brendon-todd.html,"Todd, Brendon"
/players/player.37249.ryuko-tokimatsu.html,"Tokimatsu, Ryuko"
/players/player.02206.david-toms.html,"Toms, David"
/players/player.02208.bob-toski.html,"Toski, Bob"
/players/player.47287.ethan-tracy.html,"Tracy, Ethan"
/players/player.23788.d-j--trahan.html,"Trahan, D.J."
/players/player.35617.martin-trainer.html,"Trainer, Martin"
/players/player.02213.lee-trevino.html,"Trevino, Lee"
/players/player.33419.cameron-tringale.html,"Tringale, Cameron"
/players/player.02214.kirk-triplett.html,"Triplett, Kirk"
/players/player.02218.ted-tryba.html,"Tryba, Ted"
/players/player.26668.marc-turnesa.html,"Turnesa, Marc"
/players/player.02223.bob-tway.html,"Tway, Bob"
/players/player.32333.kevin-tway.html,"Tway, Kevin"
/players/player.02224.greg-twiggs.html,"Twiggs, Greg"
/players/player.02225.howard-twitty.html,"Twitty, Howard"
/players/player.29484.peter-uihlein.html,"Uihlein, Peter"
/players/player.08385.omar-uresti.html,"Uresti, Omar"
/players/player.02230.stan-utley.html,"Utley, Stan"
/players/player.28132.tyrone-van-aswegen.html,"Van Aswegen, Tyrone"
/players/player.23623.bo-van-pelt.html,"Van Pelt, Bo"
/players/player.37189.harold-varner-iii.html,"Varner III, Harold"
/players/player.27064.jhonattan-vegas.html,"Vegas, Jhonattan"
/players/player.48137.daniel-venezio.html,"Venezio, Daniel"
/players/player.02239.scott-verplank.html,"Verplank, Scott"
/players/player.27770.camilo-villegas.html,"Villegas, Camilo"
/players/player.02241.bobby-wadkins.html,"Wadkins, Bobby"
/players/player.02242.lanny-wadkins.html,"Wadkins, Lanny"
/players/player.02244.fred-wadsworth.html,"Wadsworth, Fred"
/players/player.26951.johnson-wagner.html,"Wagner, Johnson"
/players/player.02245.grant-waite.html,"Waite, Grant"
/players/player.02246.duffy-waldorf.html,"Waldorf, Duffy"
/players/player.25632.jimmy-walker.html,"Walker, Jimmy"
/players/player.48887.matt-wallace.html,"Wallace, Matt"
/players/player.25841.marc-warren.html,"Warren, Marc"
/players/player.27095.nick-watney.html,"Watney, Nick"
/players/player.25804.bubba-watson.html,"Watson, Bubba"
/players/player.02255.denis-watson.html,"Watson, Denis"
/players/player.02256.tom-watson.html,"Watson, Tom"
/players/player.02259.bert-weaver.html,"Weaver, Bert"
/players/player.02260.dewitt-weaver.html,"Weaver, DeWitt"
/players/player.26289.boo-weekley.html,"Weekley, Boo"
/players/player.02267.d-a--weibring.html,"Weibring, D.A."
/players/player.10423.mike-weir.html,"Weir, Mike"
/players/player.02268.tom-weiskopf.html,"Weiskopf, Tom"
/players/player.47128.richy-werenski.html,"Werenski, Richy"
/players/player.20396.lee-westwood.html,"Westwood, Lee"
/players/player.23322.brett-wetterich.html,"Wetterich, Brett"
/players/player.25892.steve-wheatcroft.html,"Wheatcroft, Steve"
/players/player.20160.charlie-wi.html,"Wi, Charlie"
/players/player.02279.mark-wiebe.html,"Wiebe, Mark"
/players/player.02280.jim-wiechers.html,"Wiechers, Jim"
/players/player.29454.bernd-wiesberger.html,"Wiesberger, Bernd"
/players/player.32139.danny-willett.html,"Willett, Danny"
/players/player.28310.lee-williams.html,"Williams, Lee"
/players/player.10425.jay-williamson.html,"Williamson, Jay"
/players/player.20436.garrett-willis.html,"Willis, Garrett"
/players/player.12602.dean-wilson.html,"Wilson, Dean"
/players/player.21878.mark-wilson.html,"Wilson, Mark"
/players/player.22110.thaworn-wiratchant.html,"Wiratchant, Thaworn"
/players/player.49964.aaron-wise.html,"Wise, Aaron"
/players/player.22000.chris-wood.html,"Wood, Chris"
/players/player.02294.willie-wood.html,"Wood, Willie"
/players/player.31323.gary-woodland.html,"Woodland, Gary"
/players/player.08793.tiger-woods.html,"Woods, Tiger"
/players/player.37340.chase-wright.html,"Wright, Chase"
/players/player.27024.michael-wright.html,"Wright, Michael"
/players/player.33870.ashun-wu.html,"Wu, Ashun"
/players/player.46507.bobby-wyatt.html,"Wyatt, Bobby"
/players/player.24663.y-e--yang.html,"Yang, Y.E."
/players/player.22746.steven-young.html,"Young, Steven"
/players/player.35544.andrew-yun.html,"Yun, Andrew"
/players/player.29939.fabrizio-zanotti.html,"Zanotti, Fabrizio"
/players/player.02321.fuzzy-zoeller.html,"Zoeller, Fuzzy"
/players/player.02322.richard-zokol.html,"Zokol, Richard"
https://www.teeoff.com/gift-cards?cid=pgatour%7Csitewidefooter%7CGiftOfGolf%7C%7C%7C,
http://www.pgatoursuperstore.com/shop_pgatour.jsp,
http://www.pgatour.com/long-form.html?utm_medium=house-ad&utm_source=dmt&utm_campaign=GenericLF&pid=GenericLF,
https://fantasygolf.pgatour.com/#/roster/roster,
/company/aboutus.html,PGA TOUR Corporate
/company/omps.html,Marketing Partners
/company/partner-sites.html,Affiliate & International Partners
https://tpc.com/?utm_source=pgatour.com&utm_medium=digital&utm_campaign=footer-link,TPC Network
/company/aboutus.html,PGA TOUR Corporate
/company/omps.html,Marketing Partners
/company/partner-sites.html,Affiliate & International Partners
https://tpc.com/?utm_source=pgatour.com&utm_medium=digital&utm_campaign=footer-link,TPC Network
/company/tos.html,Terms of Service
/company/privacy-policy.html,Privacy Policy
/tournaments/tickets.html,Tournament Tickets
https://pgatourcareers.silkroad.com,Careers
/company/contact-us.html,Contact Us
/advertise.html,Advertise
/company/sitemap.html,Sitemap
http://pgatourmedia.com,Media
https://www.facebook.com/PGATour,
https://twitter.com/pgatour,
https://www.instagram.com/pgatour,
https://www.youtube.com/pgatour,
/mobile.html,